Id, AvgValence, AvgArousal, AvgDominance
L001-141, 1.9749434343434369, 1.5489595959595956, 1.8707070707070705, 
L002-157, 1.9882111111111098, 1.7670000000000001, 1.6250000000000013, 
