Id, AvgValence, AvgArousal
L001-141, 2.821111111111111, 1.3955555555555557, 
L002-157, 2.55, 2.44, 
